income,spend
31986.856612044932,24.308678494144075
32590.75415240277,32.61514928204013
29063.386501106655,23.8293152152541
36316.851262029566,28.837173645764544
28122.102456260192,27.712800217929825
28146.32922875015,22.671351232148716
30967.849086264137,15.43359877671101
23100.32866994787,22.188562353795135
25948.675518662305,26.571236662976368
26367.903697915157,17.938481493323543
35862.595075686215,23.871118497567323
30270.112818751695,17.87625906893272
27822.46910189927,25.55461294854933
25396.025690310787,26.87849009172836
27597.44524032478,23.541531251033618
27593.17355108241,34.26139092254469
29946.011101048265,19.711445355220498
33290.179648412755,18.895781750144888
30835.454380019022,15.201649380601122
24687.25580440628,25.984306179345616
32953.866319981644,25.85684140594985
29537.406870447037,23.494481522053555
24085.91203853029,21.400778958026457
28157.44491616085,30.285611131094576
31374.473158273846,16.18479922318633
31296.33587757918,23.074588597918417
27292.311998776164,28.05838144420434
34123.998089983805,29.656400595580994
26643.129907109447,23.453938120743928
31325.053725614256,29.877725635611796
28083.30304861884,24.071705116680914
25574.660103975886,19.018966879596647
33250.10328957679,31.781200142854114
29711.959513678663,30.01766448946012
31446.544100190535,21.77440122697438
31445.582422033654,32.690182832329846
29856.695843560195,32.82321827907003
19521.01958364102,29.10951252187612
30348.188272952684,23.504963247670663
30367.04310614201,15.062155426995536
29121.31244864995,26.78556285755873
35911.57617896606,22.40864890863176
26766.02558842725,22.491214782077318
33661.6084708083,26.643755548298422
27880.959184931846,27.56633716556678
30388.310197392162,29.843224952664446
27191.78762449059,23.361689267011158
28431.56738747137,17.682425259339407
31184.481108258304,26.305276360899448
30020.453826569843,23.827064333124266
24338.517031798343,22.896773386173205
28629.141933892923,20.988613653891903
29354.857153335965,27.020254284072692
37544.74360484212,25.872889064159196
31030.201562891056,24.627770421169163
22324.915138803834,24.867430622753915
30240.920839764105,37.316210562426434
29230.55614087551,26.507736711668063
29861.152921179026,19.15660981190234
34571.29125806008,28.759665163433873
33164.12778817219,20.453062726026303
35611.177243744394,17.990744686038596
32347.42837520108,35.952278129049894
26037.854699477248,22.16851135198614
30398.605460350565,22.482621729419005
23797.34627573547,25.342814874030136
25750.78514509558,27.36796215317591
26322.303063064788,32.7496720250877
26866.986830655052,23.38969241897162
33254.06886947868,18.845678417830225
30909.83973841652,31.53571377141214
23570.06706175509,25.92316929266152
31039.531176993692,28.90911435888655
25052.197156487673,18.397716934578618
32087.76626246759,26.48492336616593
31001.971401383507,26.732241047484877
27279.901113686035,26.161268485805017
31172.289893194724,21.42824290986816
37463.09804457903,27.36916460455894
25234.786011189404,28.28276804316915
26101.273319090713,28.93542301871226
34634.382316029616,20.89658840824145
33853.504516977286,27.06390463468249
33288.24063997796,34.48396491326974
29018.44753598852,21.23131917821255
26441.942281497908,20.920948575172808
29691.593162343583,26.70575987408322
31106.763197320077,29.13591624518012
30052.007567511628,32.26767038578659
28941.372667048177,38.600845832948096
32502.669391060026,20.714212217918586
25716.430007755553,27.412362076215928
29106.148858696597,28.57000247046046
31892.95049829418,24.635855436715637
26612.82512772638,17.425763876570677
28213.940191731916,29.28199397161736
30856.374976520816,18.771306106440058
30692.72370340473,26.926586898644185
26464.570255195467,25.76862552972764
30232.834873784,19.285148510846884
31431.149441393132,27.80392263184117
34332.20497270111,30.269010260174515
24489.322528171637,20.310874800424386
32060.14106883464,27.568929754561044
32060.19074522419,44.26365745327361
32283.562042772668,30.677828200902994
33816.00705397281,28.25695625652899
28738.92302143862,28.794846102466337
26908.699141849713,23.815906966299956
28058.545808683586,25.409370696931614
39258.63426669403,15.66367403704126
32745.040761498054,16.936420644051744
28112.272536842265,30.444752984836832
30257.120076381852,19.61127611035347
27138.78516296013,28.39798874467338
27078.533473131454,26.082292947909874
30182.287359615257,21.741998261970913
38575.77635730131,28.169595111590056
21899.42965336957,25.93227157384714
27352.854140926447,29.26216667398112
26829.9170462692,24.426317792665504
32019.949115921827,29.328775970850607
25198.814371776894,23.327493820795258
28100.218755356174,21.73335383713144
37061.81696112439,27.024908554804778
24956.46418265982,29.58930973527388
38488.62478805053,30.162326302755734
23922.520136183946,22.578829635668743
35067.64459674649,21.461652671906094
31775.277712584913,28.873170267146683
26292.27811368767,24.702373219691
17034.93063972371,19.878061793328552
28989.72739442736,18.761084090175753
36529.645215726545,17.849293110196836
28239.822053212065,25.653702886430455
35765.09315626446,17.8206892441028
34652.65500861984,25.051165305097935
26073.965395808198,27.310517371316354
30796.23878229388,21.998915614206027
30279.208339960074,23.0734320156912
30454.069381004992,28.310653372605234
36344.067264581405,18.810922505865754
38532.133498625066,15.239561002387491
29392.859619857667,27.941586032422883
31123.96747094013,21.88650240089703
29167.5109985709,22.534995326705836
27642.540972223152,29.248010485105123
31428.06194386019,21.535452023696728
33598.399501733,26.536497604383047
33251.44847535584,28.14814420961806
26684.01995631171,22.199094799015153
32989.174420493044,28.051851327167324
29916.393624143406,25.58663691654391
35110.6595831537,22.04214305582085
32188.38952468015,23.98903673783053
29129.27518709112,30.49388425993595
33301.66539595212,29.067548180003193
35221.91522861732,25.105019208163796
32727.811885179857,23.44866621703272
31296.66540995377,24.349284728161578
30387.98385997087,27.97578512718457
26727.11726706611,35.4619363784273
25975.930474001194,18.92905693606134
34632.44349400027,28.95831346981468
32496.47926820862,28.1417275463214
29951.01290861234,20.51372814257084
30303.218232774907,21.61419144243944
33900.478933671,24.264713092489306
26698.011212829955,23.393070791735035
31651.7258171025,22.181377235980126
26711.118417734273,26.218436057459563
30979.86628443489,22.46528412314435
28115.84677752671,26.16024968678818
24207.662634010703,17.962681128117225
27126.223114990255,23.932764241440765
31243.63026239202,32.37678108474776
33430.63849280808,24.200307350182864
29923.935168389246,19.987353176810956
29925.94745603044,23.55670680539931
31290.874241352358,20.863845282238387
32077.38605696469,32.66369456501289
29564.95940617257,27.008558610494706
32760.57596684445,22.993897640570818
30896.369927241667,25.062962003908975
30390.704394195327,21.13495108072267
30098.040697035773,27.489991456227248
35804.57443118017,29.796354130426035
38612.72983004623,21.163262185559752
33489.282546882714,25.91671002869176
38759.21173287069,20.958508573224243
26641.112631276897,22.00303677277989
21504.417102760774,22.371224891596196
26963.469353785207,25.75196893238104
31367.02390310864,34.38085419607943
33801.6953527442,22.115481721687985
26406.34131460657,27.459595857532527
24719.06717191743,34.157293829271765
34717.76048288515,22.654121739476476
23147.46188363649,31.769361870827062
29541.84061898953,31.189081559867308
23622.289364822533,22.003124885231134
30020.974798872732,25.23490296882371
28199.738114083026,28.114249661737492
25729.518282469624,24.288102574893532
30481.182526847595,27.572194170293745
32846.45951235556,19.376789540810655
23863.543317057512,31.388384109492545
31329.256047918367,21.25756731721723
36204.607902090094,25.578373171464293
34717.18873625531,25.337592407050543
38242.99169952795,33.77670421221602
29004.143406083705,29.85785475477178
32581.50379834059,31.843157787661745
26140.30615767958,28.430257299992196
34233.69794739835,16.20630256788443
25266.9659493369,14.803839111199498
28922.37266222177,28.58771127897981
36009.42820838411,25.370473902098876
36514.46218228517,18.099492708925542
23186.47024257938,24.722261505516904
31536.26179575723,24.836526259529535
21730.231599840496,24.55439980243606
24782.121997980586,28.348362744150194
31466.392984387392,20.300601068363225
27944.532330653226,19.70393239055524
29749.283610907314,29.775711602506192
26057.095814657827,27.520232577589223
27878.96952651024,21.03563583868828
29571.87856018177,19.82378838790313
27785.40277861127,19.010610537055758
37858.90053166556,25.176317759858645
27201.09796802966,26.06989955367111
29550.68780123668,23.895152002333884
32456.6668001737,28.787538550236526
27877.99540955789,22.1209087967766
28899.793211393422,13.490394176322075
23939.23575120579,31.834371337222624
36579.87085400514,23.75481980221811
32306.227852223066,26.556250772717682
42315.52323382095,30.597874557172883
29488.329634076934,20.22229779699787
23574.21471896971,26.017318179336115
26974.597018862787,17.88873145201163
27413.708463029892,19.592259981928024
36748.56654029026,29.408198784747253
29968.10943473353,32.39972069445013
30309.473230590473,20.69357899335868
36092.496309078626,27.694550218423295
25851.015382694175,24.04830660958196
26497.526986460973,18.086001345178317
33704.71019012656,34.54708320235065
24405.729704723435,27.814846183452854
27397.429723512694,22.56437308117652
27630.42430304452,20.68004615160092
30194.086511779307,20.84524941794481
31081.827303119357,24.748809452754315
29044.20781253436,20.46218168979201
27692.91467772667,28.77695612912878
32003.668750497523,20.112223776007244
30397.329221716904,28.756935616858947
23322.378875514514,27.716800961899676
27349.504964216612,27.852993342965796
26946.96337382993,15.975589496677404
23489.830248467348,25.24042473330691
31038.89000688593,20.478416874477958
32554.369835109497,16.6923996886552
29735.680805410735,18.944919001187717
27392.655568791364,25.23699335658207
26558.34653886419,23.077222278850872
34025.171236857765,22.115540652384254
33342.76844826057,19.351465726711908
32119.21671166113,32.207843103289505
20113.42199949084,21.015523722647615
32308.28850872216,23.984773069785035
31484.583493485236,21.980074066420897
30346.3591498916,24.221613823039604
34671.12824663923,26.272104216506065
31350.410648300807,22.940615169387662
28049.575103710027,22.837209060901895
31577.80856951319,22.895077595898684
31159.09942758565,35.37700399322719
33484.49881372677,23.369882339160796
34804.85568865578,22.959623134892244
21847.501859288583,19.95956844541298
22516.83231589658,23.24243257979346
30073.67351675821,33.382186561376415
31307.70949505665,23.90449735595568
33317.62232473396,13.944323454960575
30942.458232434263,28.854325969434832
24085.655016880635,30.718770216034645
31353.98562997766,22.923560430495993
32531.12746442514,36.35346428902198
30727.46502023398,26.24110293150168
28162.556401839025,20.75077815267604
33321.343266176984,20.719580870455665
30286.26494887757,22.611712766174417
31915.919302985567,26.66831052643474
34150.1597770316,22.449918005726264
28920.500258826516,20.106181421088465
28222.826959695554,26.88650246522426
33027.95446658141,20.389173379111874
33478.42368042264,31.778189294024756
31653.739612894802,34.38397906279033
26904.843203585708,18.776726483442914
22885.119004382886,32.480221557445915
32617.462625416232,24.722076645447725
31119.87450527928,19.372554763508116
39783.00791846731,25.646105909876137
30437.57917841957,28.62883311949346
31924.036926946854,26.119420121395656
26838.102178218753,27.357341785679978
37528.09798590014,31.727100230774887
36372.74650655759,22.443921617844076
26041.580718965677,24.37106539950176
30222.899649154777,30.470957592354743
23230.141481140723,32.64775159730307
29367.96840568404,22.8655946502629
25951.58249895933,16.725716640671152
33292.68233584766,25.36658983594202
24840.156401035783,18.52460613968192
28656.861202839485,33.34510762644696
28961.63459454558,17.48428523440947
29017.02774365622,23.636382151261646
19212.45342823371,24.72852566741094
29076.26187916529,28.48103182406709
37395.82437978138,30.632825147738785
28924.445237780677,19.467370456291647
40293.43921299944,25.29609217007244
30055.717167651786,24.879374564449982
30792.33904307142,24.278197940380288
27705.351972479053,22.26570529379804
29868.986919136005,22.282876144331176
27148.61686929134,25.532151138459483
28980.091130316578,32.51996494291345
19396.12076642795,30.45753425961231
34984.340769990515,14.633048837959253
28629.249623678606,23.142795670021044
24369.953221128715,21.110916562045624
25557.696618136684,33.761352217118116
33742.71357258985,31.357775474970794
32886.68825617294,19.354741143913856
27901.918934880905,27.44687280613959
25111.48876443222,28.56499215086194
29038.69840736746,23.125895962252013
32843.839872813965,27.2213165574302
28556.13533672368,30.79664901682124
25675.74668960041,28.07967803472132
32372.405031873535,23.452267803430047
31304.532088968474,18.744432118073483
33696.1080768276,24.075489317785056
27909.10791792384,30.245046129184445
27182.625237828965,17.957693518182204
23773.483305904385,28.030049756728197
24878.282590014867,33.77397090992182
21672.282368465112,33.48228184145019
30844.069868810475,24.516434440648037
27820.3236527642,26.995680571760353
29849.461190300608,30.516509410082605
30456.910594648158,25.75150880730939
28545.551151144577,24.715271881394663
31231.207075568236,16.449158036716874
24607.25831157715,28.716320470113576
30683.46175251177,24.080083318236603
30073.73573226157,26.737908526808354
27840.961278762552,21.108476372988438
30783.381020390727,20.10813611192484
31633.01102285789,16.4870819788108
34116.62254930258,27.362987412065216
31024.1189372555,29.91345491972757
36661.8977778503,30.07185032509065
22636.50307467342,18.602115166321493
27500.725689217285,25.13045525105417
32070.63608187649,21.371280934232672
30747.067057908313,21.22308533823339
27553.928788032208,17.96669451575889
26307.067015556382,18.24157697191833
26096.50698809067,30.268208983039198
26202.40444467223,38.161910324186955
31973.271603523557,25.92418061847437
26566.568879275146,28.501549397044958
27697.448695048904,25.610049073226808
40240.33815307518,24.51970050137675
34597.093305142706,21.48411787437056
29860.046038012155,33.85400317817755
27492.13176884893,34.062242789984644
32831.0077418219,22.18766612052866
32529.630956222085,29.86277224813365
32487.239848868787,17.148876400547717
27091.451296700525,23.762406822242475
29702.266283599816,28.103360487753392
30710.804003733014,18.323278206449494
31520.791404023854,28.052928726419115
32239.16179172416,30.403903627773108
33335.688618195614,27.295900396142184
29719.337154165412,16.69519533242004
31718.472876530344,26.038438435815557
31086.315348781493,18.616257120898453
25675.77383836695,30.26576426666452
29841.77938457338,28.40750348686312
30113.273504521843,25.148780697478728
33753.13522390399,22.41977635891313
30384.483107763932,22.688623556474788
28262.01509027074,23.454139382656802
30888.535086534852,22.606256891682612
35023.02450229408,20.52696348890248
29252.513423354565,22.801344708629124
35787.91153741493,25.982773882557872
34127.37815787454,17.57219813481514
31068.201063477034,29.448153978117183
30329.1359571017,30.327401875326757
27930.846199598513,32.0467372009279
39195.592494477,23.185807197801704
28217.989914396912,32.2669223855885
36318.28858292285,22.385699864233658
28319.252731616572,23.591076955697464
24622.197955862892,20.40674026757901
25983.436932991728,21.161012174479357
29861.260450452875,26.171073662682602
36202.00197125631,20.008229796306047
33937.28959390634,23.930055778872454
29802.14516139027,28.37409746083302
25509.111913750807,26.912048730920255
30665.808832852224,27.462256320040744
31156.674575631274,37.276500699554475
27449.040062994736,22.345015224990913
27507.437894300943,22.222614404198726
27450.45149077393,30.94508265553776
35682.01699195942,22.14626853125262
26670.577707583085,27.35707778193202
27791.107822876114,28.164659088777555
30811.6920834052,17.42127942501384
36190.020805320244,33.97938836547761
27548.845238062455,23.061492200320078
31143.461562899618,26.672283949935125
32634.177090691323,35.05102269383175
29292.211090023804,21.00851377730773
24482.723087941893,21.345349800290403
29867.49210850481,33.97278931758894
27929.554803855313,26.118939758194493
29934.30841570899,30.94196636724042
40107.729703494486,22.345656135398396
28042.242229927113,30.22080438534536
32727.565958505245,34.23353662868017
32335.712741303854,23.203539546064704
32362.61932276924,30.543517902914537
33281.92872478945,27.53637015553649
34266.698758356615,30.846477952228362
35528.63596415011,28.243549437948214
29331.527678732582,25.733568432166614
34826.035866033424,20.91532164506382
31474.693235491606,23.033305938363196
30114.97929173927,31.392259313036494
30764.39627207961,25.232182740780743
24560.575436080322,28.731267830136105
32581.9367245643,35.8162736165273
28768.887060187997,26.095751638319694
30997.534734843022,32.887266398817374
29618.817870452192,26.395107628851697
32431.586038866157,25.93304561578179
28214.265541797886,25.97044996449154
34294.52699943909,19.8674235029447
30531.878696587504,21.499395925304135
34780.18651569937,17.384065476081126
27764.312610913646,26.886059375322603
36262.09611693736,24.67124869463506
27779.201893227208,34.40578534720295
24207.944398335025,14.005970216899591
31760.05780021333,22.489728878236946
25915.068731477146,28.541782236496765
30975.202855084797,22.179606846316357
24878.782405316422,29.362286641400722
32600.804711834644,24.504120681103085
37386.54798419066,19.649576168369236
23897.899316301045,21.540459650593778
29817.655934578008,26.21669724661346
29035.05576857468,26.760276982571483
24993.842303238223,32.2188230203663
29671.395286429724,30.586479157940637
31370.901385510817,27.283766095768918
32279.069120928816,27.238542800086574
32570.891039470174,31.645762650662157
30786.08467880588,28.54501878794256
29641.057222851094,32.200586077247365
27294.43079176292,34.004702164554075
29839.368197422627,17.84612448940976
30512.417659643157,21.594741712625595
33362.5741959549,21.736880103488044
28215.26626714088,15.552296345272346
28190.774723003695,12.880603366855217
23664.388706057107,28.802073280721487
33143.20063460333,27.127287808924823
26132.09542748315,24.7614432192901
29985.589843637725,19.208176554037287
36013.5932070686,29.386811452878355
29116.143304681344,25.134429194972654
30833.53123179021,14.791325657878547
29011.29046991761,21.590078760011007
25993.519960420337,23.594498535570224
37190.74610739809,28.20421430633505
27715.284040868813,27.862913906780793
68396.132619516,85.54780209747662
60357.78221952105,76.11837933376655
64189.33988168154,82.3609123125305
65371.15932016639,83.81103081009182
66297.31629191601,76.78858873063659
67904.36439380595,81.1855976281544
72451.5652357516,75.8648730914626
70415.7828189915,81.18746470077589
56091.49197831331,77.09668499567407
58077.91615083408,82.5449956784115
63137.012928213,76.55779997636853
59853.8724464341,92.85362215167117
70365.25902060427,82.61794201804419
60228.020869009204,80.72018796030957
63681.1078363825,73.86324460880957
58455.740775459926,69.98849555673446
62395.338735631674,83.88317563821644
57100.88122620375,89.4439205797402
52645.40602198595,71.21375071874108
61346.710911359834,86.28258981567292
70103.56614874721,77.24669442278636
66472.08500058777,79.76894918299575
58964.23620035508,85.30195962492003
63913.93727048052,70.5416470580945
68859.24209835537,88.28054812488472
56246.623790942824,82.37482120062445
62964.18111769643,81.56404259494344
56698.16907692748,75.97025979237169
59846.675574051325,87.03637411555619
63261.60092756659,77.77631400748336
64630.19226389007,62.90874427621955
66892.59420223262,69.56171732733141
57825.354351581205,73.28198063224313
52231.91114567457,86.96496072427112
57193.792792128654,82.0790232903843
59718.476526724895,82.86224496333872
60460.93134636153,72.30204665486858
65977.60091668284,77.03746050103213
50660.50860804149,77.43130903420453
69004.55874380586,85.10133045268095
57908.08719355284,77.90445377408943
58070.189692695705,92.46048790136504
62291.61271338932,82.58024988314642
66181.70072419105,81.43273495415909
58445.74712507578,78.82190090549012
59570.392443515615,79.77666658094095
64365.77726182188,80.3116753148438
64395.840463293476,79.5157005193485
60471.81114189654,68.01079589280735
65497.96604821489,82.07893085538795
65988.06065915791,62.62246773083787
72530.24822868436,79.16246223106896
66649.0969004251,73.76056443724681
63676.64343037542,73.67950662095807
56257.38623582517,91.48418812320071
58855.90559541992,81.30459723907833
65220.406384132526,82.97409132783562
60902.51343086146,82.18976601479736
74420.49351142965,79.65428721779848
61206.594280289806,86.30392637604567
66633.1555977479,87.12218183336228
63832.38133217511,73.1419705236171
69800.58919380658,73.12192764188788
61815.8127914342,75.47434489988385
59615.169920442044,81.97257446182088
61928.143292701636,82.53152452541171
69682.26761435188,82.72120580908388
58535.06018825611,85.78452300973015
67136.82293354784,72.63435310917805
63584.40041909915,84.20703645386538
58214.61897984005,88.25424087986971
59099.666477804836,80.75345872082926
58961.56905429678,80.09347428548881
53422.34947862879,71.35969470443423
69567.03037934983,74.91823191009003
54051.64590326216,67.07965931837771
56166.229513862985,72.06146123955502
69852.09096081821,86.05890253605581
55871.097928933654,93.51461483206586
65890.59292194956,78.05101169894826
45003.56571075856,93.74565543554445
51662.56519941842,70.12760751825866
66135.42259205785,94.63851443803564
68305.6369110631,83.38345472031416
63568.52604999171,85.12049335268185
64553.57153872059,81.68714854381625
60625.20662371126,79.62444123260286
55476.212466799945,78.31594953879936
49842.259114827684,79.4099622392315
54068.45335709449,73.37846409670537
61079.36490692087,88.3520137180676
65509.89963601388,70.57699637826094
54062.231180577975,85.6446271279293
54105.07563877014,78.65220110001785
63300.31259414731,74.18993327081819
60632.25303687576,71.99584703049078
56391.794136292716,81.91869160485523
50442.037598809984,82.64284842776239
59882.17320643991,83.31493972650289
61343.48480438797,88.18484257984306
60751.34701588744,77.42356675324848
60733.7850181937,83.25978817421833
60293.16042195423,80.24355014722329
55788.04987315947,76.02259449469432
51584.36836920184,90.49746045912164
52536.82058765229,75.84256881322456
55689.556406584816,85.36954626166664
58230.301930247835,87.4864524360424
55959.05625453679,81.6739649733428
54987.91768044145,92.87089476664033
52874.40948582292,81.85892426136216
63802.66128559259,82.48279458470898
58888.27404673375,79.22107580159944
60262.86883187466,79.11798799022907
65783.27470076946,93.2631380095481
56655.049289953,71.78118212252554
59470.30770989247,95.47825602592592
55177.95259218162,89.83470083266441
70066.20488445864,76.67847054975203
63413.89847511165,89.77037973877123
57725.23355407508,78.77851783938583
56509.91451630814,73.9114596158428
56104.33472960396,72.65635839942647
60204.50080955536,75.38016061364814
61402.715470744486,70.66462612277823
61985.28139328674,85.00117376965355
48037.586144571265,82.24433941908543
67366.01395483976,72.74215388785277
70035.43432102622,82.51411405619628
55769.92886544955,79.66538553405377
63349.96147513033,80.45603234847447
63232.53595467821,74.4759584415238
61016.16494421647,71.51771301857012
59332.6436319078,74.57655415121127
55586.820344461405,87.41655905126262
66547.86072356561,83.65482872544307
53446.12341196452,78.10154930183118
67278.5861998751,80.85030148183942
73915.97723989017,82.35990703636624
61152.29469894019,78.145301214785
60801.24542869369,79.08518098171673
64248.65206013154,85.7402139007675
55284.0632369523,72.01260227865333
48982.76776138022,83.04794796147526
53379.80036295676,67.0826564422851
62331.47162718578,94.95799710459674
59963.57453076064,85.03094464670986
60490.97615128539,79.40666208085314
65514.45889792661,78.2583527348681
61604.35388443142,81.93018683717608
55991.45727814171,85.95225409721914
58950.24145982755,75.46552904304293
63219.05906142242,74.60919210925377
60169.08694421477,79.94528602013477
66515.37339498947,82.84818939727971
59849.83824752914,84.90659779520172
68341.24529410388,83.34686183811117
60062.11571906028,72.12898260589904
53609.31802154776,78.168651773872
56342.9267870443,78.87817218208733
60339.899549382644,83.17815652614038
59577.00733164545,82.91900986295721
60386.84648886072,68.14720060187678
54363.98763708748,79.1354746656703
52741.831542953354,83.59957237997723
69184.50499406218,87.3125711101839
58719.34277441875,88.94435682109972
60892.00474321267,77.97748417329177
56319.58401875436,78.18518188107123
57670.939088752624,81.02249733425293
60963.44388629919,80.01827612092049
62621.629018478096,87.14387764871805
65697.32481264794,71.09061218930057
44676.47319058827,85.60591946743564
51798.72780950747,78.6514075886439
52979.32184364384,69.18811737451988
63248.776369228726,84.55493096181588
56540.93759563968,64.45374624713054
56722.5333104851,82.35082403241528
51126.53058735523,81.10015951867493
59908.14090496203,83.47574899760653
60717.48221048492,74.16158635471066
67179.42900998695,79.04882256183818
59836.17276294041,74.40039224556082
57340.30649285094,74.69118371583859
58962.323640459465,90.27025088085406
51768.59314241186,70.31863161273955
68827.02196496165,78.7440579370888
55985.5635680405,86.23942812437646
56366.30676157882,90.95605828128161
64067.55522803561,77.07253155112578
72943.84927959302,76.36571046197997
64452.57223205584,81.79575548243895
67810.44773639279,89.36906718036111
60192.0248943946,75.4794927779229
62759.8328576347,75.93370778148736
72080.32348515974,80.81921198649643
57808.070692127345,81.10808183518945
51917.24226282182,74.17031576893609
67202.48344766656,76.05863432617163
53718.534103908365,83.21991651516372
67114.22492797798,84.3137198639904
65976.2861148349,75.45922946858323
51469.13599954894,89.00800191173292
58063.92096694718,78.49500190126972
67969.16485109435,83.33738005640396
62735.32663248965,92.9900140694065
56138.89061771914,85.56704076848743
60342.078749382505,81.61155367317954
69170.81055847519,83.04701453773774
63229.776474297796,86.43504402385881
57810.28362274269,74.96474199596597
53731.1448358738,68.20186046374398
72337.24277964194,73.38074980566991
58672.47825848537,78.33912020066647
61844.440186854605,84.89442327523578
65162.840930158476,76.50153536858637
58997.26971728153,81.6954797029298
58507.85324289872,89.64407345611995
62945.849709829505,84.4092667162989
63977.287612004475,87.04084314491195
61086.12935222224,72.21900831226492
62398.12771051585,76.09185863724903
56828.29990950146,83.51818411253056
67429.69842860181,80.12762946041637
61852.99807559378,90.21328966781142
61444.51907693141,95.61009868508236
63393.057873789265,69.4354234450651
64520.04972662719,82.28695030929667
67738.51652449647,84.03908810761975
59169.26409609736,72.6542105822638
58745.86045628385,74.8968772747442
56516.859301171666,83.53147042652365
70019.42702610843,82.36802917893789
52824.70162778889,82.66761600932084
67179.78891987391,76.34130257408371
59195.8969999625,80.08812916837518
55290.61012150656,83.88968260306315
59274.31110835331,82.51719466344217
54675.0469331874,77.37525019805953
64334.28814696663,77.7630010874494
70361.78310740044,77.60218288631239
61348.108354511314,85.59554499123854
51489.80560240181,69.43514712811535
50846.06211257943,87.5755046205631
56688.85112464532,95.34919571400951
56614.51440805567,81.10730781918222
69252.65971540725,92.03655732895474
72369.02145981838,87.25019738355886
66144.37515486877,83.5551616952071
64670.166456999825,76.6928857020288
55090.80669946616,79.97975325553429
58978.89226485043,77.28063170403635
64178.32468474029,85.73183125142306
60530.44131775109,88.86518048633157
53149.86531519897,78.8380432443217
55699.06607638317,68.80078029756164
59503.9158849438,79.2695149497003
69080.69845945279,83.78487010732867
53854.87905402477,91.12455539800513
67326.20217315212,83.49258622081169
58641.09540690101,74.24336457965912
57766.75934357368,86.53249171822512
71307.51783560765,89.25946116963314
57066.903469282355,73.28229540026594
60845.317481467224,69.3893638066229
61939.00628510869,79.11438448220798
57203.780988790546,70.43178159639923
63081.6006394183,76.80379496202853
52980.498985738275,62.76642672031011
59834.910569696185,90.63350958001847
69967.55528728722,77.25742246048237
56386.72763782932,82.81264553645015
54009.68736487025,81.81075139891679
64596.481670308145,87.36159934330584
59399.075541120284,78.7779574989382
54732.104479460635,75.03871787576084
58641.12664859084,82.20419304089707
65481.50775739949,75.18092629591793
68956.13141375713,78.37325839374459
59871.79623390939,75.51672992511305
45454.55843836235,85.3042723781663
64421.0633825546,78.31203465729072
60401.94430334923,83.0956353062246
50624.72485868074,76.82568393592223
64765.588077730965,72.4742634609845
61761.34759299977,71.86050917225957
62798.57989460116,79.7861511062151
50309.209104566944,86.98843612674303
55592.450539211706,75.13848537791371
61203.41518338566,86.8918240965723
53905.06908612962,80.37007909908783
62572.89900198344,84.15863364357887
61058.64933166335,77.79783296550006
55034.45867610768,80.51686329827825
53567.16592808636,62.471897099032354
62619.35882494601,85.42360904651717
45822.40538674897,73.94161577174037
63714.92556603119,92.3449728182702
60124.76224605245,75.63198235262519
58902.62135337096,88.2492585148891
56124.21492525279,75.20484796009848
57103.53886690781,74.28002835044772
60736.02189596877,89.74807075081736
61938.475638696174,78.48587898724227
58249.13238650674,70.62085514782005
65298.658662882954,79.53297681792318
58917.12051845625,99.15864540706917
61792.517450194115,75.4892536994289
57441.85442276674,86.89067425518053
60679.62246322659,71.3703321300958
65515.37360745122,75.99113548676604
71239.78665730527,86.4802883942879
57316.06862604749,87.68609817041067
60407.13306316442,85.11664205073332
62908.39690376685,74.92186007005476
56138.70100609523,86.17976490548696
57991.34800736076,77.57810922054801
54269.26452390388,82.54159439356077
72375.14951545888,73.59480251447437
60145.31674003655,88.47332333249258
59522.15165252571,82.7142307774984
53625.63883111872,82.56984258324589
58877.13440997271,85.91437997407918
67124.31630938851,95.53738185211168
63477.79903928145,81.954777899493
61166.305809464015,77.88100224313587
62030.90306077015,78.22759153916583
61010.765857617684,87.90558521364775
53960.74460832215,86.83927136677427
67902.6904040392,79.29158883805353
47268.87060594843,76.3530680774334
67781.96727936665,79.8627916262067
54004.186606230534,76.97135047263069
65043.72015902732,83.28040140920828
58566.40740498184,77.79905352911187
57649.45110573707,74.46553889300898
69692.25413681666,78.06607718473197
67302.95112495298,89.12789631153471
65989.86538888776,77.41027812369171
62422.38054201966,79.8548263616545
54577.78883561923,81.94615569032962
52925.761253041186,87.12607633076938
57212.296216209645,81.20695793523704
61699.727229276854,78.44657015777554
63520.162808851645,77.15057806026485
65227.783784743464,71.9241219185195
60758.27747727847,91.6335739943497
53998.012052366554,75.9335301768509
63083.44709795349,81.07749069163759
62103.78059564136,82.93512278088598
63808.32881137062,86.65819905173734
62458.911941571074,78.55245407228874
64035.44220721639,91.39929160937129
59204.19752170456,74.15282417197615
66642.48401572184,79.27771301627841
46963.98272391578,85.08453006290253
56788.030884276464,79.45680030617504
61991.88198341409,81.1429980786744
64256.71090283424,77.38708177658094
63078.634789056494,78.4427199344965
64432.86288532502,83.69220490407832
54387.36778773243,86.51589269705019
56784.21932931571,84.84834678968687
62203.72388040804,91.02910206077074
58659.204105768884,77.90409922329081
59883.482364673604,78.18092130299435
64799.6514116523,70.30213634938048
53677.905485121875,73.59318247052484
65701.84555184146,90.26368023549155
59373.30468877517,78.98706966085993
60420.31297867909,86.97126981564914
54435.881194856556,81.43021389640872
65851.18577869458,83.00656501963907
61137.48969959246,86.00627655540285
43780.60624200458,84.06725191718544
56075.545901235455,69.01620261886126
63067.21559714989,88.24195127097775
59175.30891223385,85.71724728321763
69673.66954793187,87.88948672150428
69839.78717622836,84.45276494643136
60452.60183340956,70.38820512861699
58523.62507122031,74.94052042810284
73025.65630498689,78.94468512540598
60739.22884070691,83.3089122562428
60261.61467823472,90.17030624258452
56264.10382959329,81.16764473142345
55545.17648581171,72.07986493267576
56329.385454568284,79.77777921770952
57424.18665289644,75.84547412075686
51562.095217969,79.50136656422784
50971.67775581399,84.56033578213761
60494.63851760702,71.25469100321041
58144.74553770082,75.4870615664565
61915.047062515085,88.04270267613887
48748.96518212553,80.6901564748845
59039.203226600155,84.02804045870279
61279.17976942613,75.48818400956708
58085.67638600029,75.22384485917907
66456.04283159159,80.12786989203165
71407.14411451804,79.63603511711227
55749.559398537225,70.91771364432304
49181.16194246433,70.49518434196706
61602.7599060689,83.0523501393796
50512.8557878072,85.37022988445669
57101.63368989936,80.88075807191329
69673.32376953255,85.3810358951932
58388.81611256501,74.65284664750827
47089.10759202417,75.68508008454548
58733.21856703384,74.0769228370929
59212.45819744617,80.46111129775261
58650.86410915153,76.09998451505925
61011.928031800366,82.65164389741645
53457.605535342926,88.46559427847762
59408.47120629443,80.11309773766908
64249.286539539346,81.39929678758101
65718.81980347948,81.72274499121094
56325.37575215737,82.1690211512366
53137.64275607603,80.65135823465914
59800.62005613324,78.75129885636476
59228.77493136642,68.70890572701417
56707.65055355423,80.5570694068467
60959.1383519844,73.83394915444426
67594.24704518821,74.802950910713
65816.74320316043,82.56316617123011
56122.63614093718,90.65186535565707
52838.17900946112,85.51492504166
66003.49390825786,75.97627874554013
68354.79180038597,78.49972091240629
61732.161775679146,81.56193103262733
59194.14755117671,84.86484963895869
64760.932323313275,69.50880816057091
67826.04145726892,70.02504807178596
66195.27722604995,86.7602308209655
53454.20141870881,77.5351142722725
53365.77198908439,78.71047381826759
58151.79429488555,84.67796319361604
67861.85247671766,88.37410286473974
56626.99184053019,78.74466875753284
49899.3708466743,75.16477960102287
65789.10979858474,89.6934969412894
52593.906768720466,76.44521444508264
59841.56545824644,81.68096695291764
55142.378880470125,82.54436626678454
57156.9639175745,79.91328637473032
63277.7054880222,80.03853361886563
57381.68465684059,79.34234117644502
59469.82224476799,77.77993382070723
58447.223623997386,89.5918830230283
63365.51668764743,78.22711809182503
64181.726427064415,77.99708306146394
67038.74782551985,82.21785315318856
59356.18713597463,82.68630155486167
50574.743087589006,73.23939518654117
52836.44996160567,80.85765856858224
70395.08999691055,93.3878008771558
63828.30660864454,83.00506684966675
49193.65359508357,76.74395720159588
55273.29748855057,76.27491441049331
58991.13708849126,77.16745653381723
48124.20113774527,84.4874615367052
53563.54184556116,81.4354811846669
72444.49601849983,74.48369245048146
44818.27486352202,78.28397466871934
66605.75780999142,91.75008472532356
52622.7024332855,82.98019533941913
57208.13725931968,79.36430987417519
75866.06008210221,70.98217802962908
61522.43796896744,82.8061590305926
66514.71794963608,80.58789892082537
61848.303237024615,77.65010859546925
61614.761647470645,77.94084634701554
63729.4313391363,77.7823379837382
62262.60236341312,79.82442311789013
66756.30150463301,79.69163765846908
49361.80519075871,87.57152900428395
54565.606194824286,76.07740196810708
56426.03223573905,88.2466285590249
47185.95471612783,98.82649120195995
66336.34085439632,81.33943348477496
59670.635996302284,81.71332444914594
63126.73457027603,83.87129351570034
63333.62679602069,80.5374840875315
58815.96947815605,79.09236029807893
58830.55031788391,86.80262058120239
63561.34033368517,62.357668192014316
63935.40465917857,81.16841716831264
59887.747461324616,77.66888928146669
66744.67631991608,85.68515877273714
55362.73399305835,82.44231372274722
54170.05959275228,71.72229101126642
56239.69665246021,85.17436083429655
65718.75027225653,83.07851252058376
64350.574721087985,83.09706972268975
56151.11042866229,82.59153526804364
64802.45715136609,84.52574797888144
67133.48022884785,84.24982308320638
62108.689245249494,86.42090142989856
59840.87244450564,74.70875209263369
59021.598216337414,75.5305841311613
96624.1086251281,48.98836930499137
96037.9003950002,47.84426929252672
90531.92666523108,51.49305595161057
100006.02737681112,44.28037958252266
103296.22834216202,56.56299096338591
91962.20067815513,44.6609265500365
96154.28825106351,43.420678292237945
104147.37420965874,48.64321702859038
98677.42579344695,35.97296344915273
103177.09015104613,41.32519123602569
100299.66315133164,51.94163856570734
106803.29297919325,40.83825720616622
84902.43922089587,51.28694681327586
109002.55590755427,58.67262447057606
101048.29707637313,46.55854670057567
104035.61298318655,43.18517660206872
102381.7888467811,53.53829111416639
105301.0495374944,69.31762027237754
101962.07983589383,46.43725462004751
99872.12843904003,37.61646866577617
96526.43434455471,47.13502293320827
97379.55801032703,51.066484104236054
95887.90033808899,57.8472146712713
100001.03532459098,49.9348977520297
98360.52641743541,51.08633478701285
104125.49132333817,43.9300884900237
96709.41755462371,47.87391779856335
93270.64538263393,44.26519498194951
97618.8956322767,56.12072426498909
101312.80664500962,51.35512937957281
104254.48981083986,49.03839748120422
101952.32424964444,49.27744772947253
101326.81174699814,45.92068939671893
87805.91420861785,49.06004586469587
107113.7406804997,56.48350781569115
104826.98742295585,58.65291505264352
100443.2879548072,51.38120995183917
96911.74052282824,47.78749000781065
103078.85574885571,58.42719106018171
99302.76862159501,46.84867514604012
100002.639794283,54.2084472425038
92780.7259193323,33.92673332803933
97247.31575254208,41.45501301860089
97459.29901176345,48.9655377682777
97733.75795488493,60.16727274129522
101633.7238230116,52.1033205172758
103111.03572021701,42.02816817553462
105195.55893710135,49.46964999425178
103352.40308620606,42.49699936871891
92231.20616991968,55.7252276061752
101882.04763048758,43.685639119497424
95651.68459362653,57.87804349090339
94052.94053566337,61.498710672791745
95496.89632676066,54.46874347925868
98356.90762125507,54.2223120175764
97279.42998942903,48.86044965749394
100204.59587697861,42.98468780952969
103704.12172710063,46.4075050346989
98857.0004232999,43.039554377740416
87188.33170602345,48.662805661798814
112063.07710806458,55.49223001528617
99903.69810132803,48.159764195542124
100112.32946406023,53.82983380622647
94095.93592345578,57.8002518626821
103576.90657720622,55.02730007995554
102192.37869404863,50.13731660385793
103364.3061798341,54.142698936189646
98229.79644529488,45.98478758972169
100509.28147630993,60.84314106046631
93804.4646217305,39.72732313973292
100823.80420618258,50.356213912992125
100866.70832185204,51.7076723853595
98883.98872682598,60.42904407021457
91995.48010761742,44.20052082653828
99483.72619925476,38.49767832192083
99120.72797783965,61.63029116009613
100104.4324414798,51.614906340030785
93699.1761741371,45.685470143723656
98124.01809838031,47.77599432270636
106408.21897501884,53.90383742507587
94442.71021531484,51.725533449024034
102491.10874248392,57.981043269648865
107902.70343284187,42.89434065720492
95945.71244394832,41.196954987597685
98829.9007044651,53.26450862112434
104936.67258294551,49.46834283450234
98400.76238372579,51.06230594574118
95824.28549184988,64.62677105186341
91961.69486440971,51.29318405227007
110118.0310961482,50.047598911919984
99049.80482499253,47.49788204032701
99098.04159118797,59.60993932273571
88940.69044335246,60.73403590907428
92880.21423774927,48.133433695359095
97853.7778985067,54.11987288839504
92009.37824058127,53.2352086625736
110121.54811643426,40.45778196785032
100948.53083805199,45.36612475542374
102129.43603096518,50.134034441910266
96792.56545477845,53.415105994097516
109021.74054893371,48.66367345790891
103598.78971074091,40.94708929490186
95217.81811590996,53.30684394516264
107420.58014267983,52.48929344149962
98434.70984738423,49.99503983796348
93747.96133015142,54.231607284487566
104411.66531161705,46.83536767016844
97649.78926120249,51.86114760756434
97816.40131979702,49.53707169761924
110498.60894583257,48.270820094778024
98208.2992398939,45.467207360553886
103720.95985749968,48.73143078747328
96753.13480839288,59.249128225911086
107098.01502256819,45.79703503982906
90667.30024319692,57.05259582885846
96576.85087119997,55.53437919413938
90149.48091144083,56.24818136809517
93944.1403535961,55.115348833465674
100071.36533918217,43.32242406422348
97964.81843536609,54.8042291986969
100529.47226557617,54.09089086330739
109882.20292257743,39.05030871802264
108086.06287484312,50.73049156266249
95506.07975838435,40.68780461982707
99054.39804611483,56.45155078347121
99362.25439811233,60.57808451173143
92744.12154974221,49.91537736507762
93738.03277793441,52.545423178374776
104434.4369504865,47.05466744423263
86978.93071686433,51.39263702757546
102183.69275866754,52.830063284731885
106178.91095911077,42.50262424245666
103401.08052725224,58.347552587345824
91107.06207996742,52.23756278143284
97479.10084496165,49.42934128828848
101738.38241769168,46.58940005120513
96621.45960419194,50.23906692241617
94563.77030568599,42.3992240978037
103396.86641478252,41.9584417538894
103331.56250454606,53.23813904997766
91370.96635604702,45.25704743365041
105970.54701523687,43.13184128202223
97677.97868845306,53.23442625276328
103916.95254641298,48.23922779768853
97012.4490265418,59.95658903188955
108694.4983189879,56.85200635547257
100426.59071282513,44.34213994851351
95847.77796721717,53.6575987368603
102091.99110444341,59.81119015062501
103252.25046268069,39.478437887681274
105259.7380886146,43.01357560879911
98080.14364023824,51.751401443761864
109978.33744891982,71.76942989203752
103033.61529568091,48.71762366895729
102672.52824240275,56.21358798111685
98396.66187221404,62.566479491386254
101150.35379595701,53.48420162363976
103329.62126027231,52.95110627430119
104194.70250234807,45.67922769417154
97208.49123026985,42.298920369198136
102197.50615310113,55.452555524584795
102288.86433075943,61.72144703343276
99972.01990585477,54.68119158914759
94541.49561930343,47.29030208267919
103477.68878782888,55.94371477520201
98530.1652616791,49.49880523699353
92410.63126659596,47.50079559435373
104451.91581759893,54.026435112745965
102503.32860690604,50.34841581026672
100035.31579314088,45.37775202368587
103494.14210101268,52.94681061072573
102460.09423996399,46.317756101326935
89233.28540064377,57.68006898227587
97605.81271995798,43.96056965169816
103467.39455956996,47.255911520566094
105299.68192023311,54.31904164703688
103417.84661600238,40.43831002159626
106059.719926932,51.82875371863699
98153.61430376899,51.00371927139576
91118.8238355084,52.8605696803647
94853.14245908963,40.53130799909526
92388.20406891055,57.788818624929476
96853.68303153606,60.73609396941549
97320.9926847385,38.04849429684937
94417.3778002567,58.65068134004857
99220.50911031666,46.16198892456579
100800.09112926394,53.51247915317281
105586.99407951231,60.139494609250484
98201.15677105456,40.71766619742573
97932.67419438362,51.821963546080205
95181.20536894695,43.2999435957347
101718.93940774942,49.65943353900684
100163.98497705793,44.69053265709951
98847.99642897116,43.53036799012187
104450.99205562394,57.246745343066266
90769.06068880954,43.49342397865313
92517.35372454961,45.449832459151715
99582.8101510482,39.852483462110285
95390.70093437344,42.97229839542951
101036.33664699472,50.485410359253756
96391.31223331373,51.237746104975784
97266.59957706368,48.098414227717626
108367.26045149268,59.38322736253244
93502.09381536201,55.80812692515422
104056.98277245797,41.96215697873167
104093.8882187743,60.76552342888787
94387.27596877793,43.57748025290015
105088.3073342175,51.90046717577954
102757.38137619762,52.384124514803474
101953.47960464071,40.71469510182242
105236.58853310723,58.18712994699442
98853.04627965986,49.69566135130296
92344.46248722139,53.59978329212485
102860.28720857072,49.56466288100482
105621.76679935251,47.66145938314042
102823.029629468,42.86234962915519
99882.2392456288,48.779520194680146
101126.53961020471,47.41331149816649
99342.63702164165,55.78233020009054
97816.17881380892,38.75396029482924
108747.9195210271,59.670178550833405
93538.68652447191,54.82795463671636
97485.12614724328,51.84441050731742
101471.12064506747,48.359145397785746
96081.17167206801,45.16621263378619
95419.04042259378,44.17724454238689
99664.10854975322,44.98968007622474
103410.2603285631,60.41072308735149
97099.73379314979,51.67583150374764
102498.42555151467,53.30401589643492
100379.77633958044,55.19877692851806
102411.24476340329,41.336363043708914
104345.78032194637,56.21103586086719
96183.56947910709,50.26556484813322
103416.64496405535,48.53480326294447
105364.89023883006,66.54710746233553
96070.06983682509,40.332687777923574
101519.09297802438,55.05093753588301
98845.66813077616,60.17282464324724
93306.97100138376,54.85043036122128
96970.69589620554,62.03564534345108
109962.5767658406,44.633403885516564
97252.2143204571,56.01711520885861
98064.34675105242,49.682121474474336
100126.94210271206,36.562287906616405
99930.81126952881,45.17190558155078
97534.38588800114,60.1054240242817
93717.46552860372,55.69243630723584
98605.18534834095,48.04167882052916
103951.85948025856,52.38035906198223
102853.06498609766,56.77729262373003
98343.45808408338,45.71434285844575
94574.247367211,44.222126290147315
114745.47212654362,58.712757065157504
93244.6281689599,40.742794302795005
102409.33030859246,53.83085358164577
102744.41917658682,48.21530944512411
99372.7286999855,52.2951566691155
100429.46503146665,34.464897390767256
98851.00184712403,44.0401549601778
100876.05709454256,70.89681301822387
101837.40832737152,47.80529219679322
104609.00750988626,53.37881521046449
102100.4724522592,54.2479541525097
110282.71782414771,42.08378095271859
102368.16038405728,43.515332090129235
102777.56323171125,43.56919441959734
97913.16593197458,47.93437060033465
104879.08359672355,56.4291811075969
93771.41311776808,50.384538776998944
96452.10072625414,41.19046562527266
98914.91474787815,47.840620480809264
112133.58243172761,53.030718777524875
93111.91249622882,46.0465819708034
105106.916477147,64.61909941008948
92070.08343881021,36.84052930402669
109354.82587685891,52.72729924159633
95658.53634061817,53.742403602857046
86821.2613049156,50.02362854618013
101639.10586421542,56.46989097676481
94930.52023853731,50.59981012982351
95372.87686970206,51.78768628972022
95523.26838818488,47.143294125878455
95020.92302604885,54.5579536927656
104292.25558328333,48.3576560102981
100191.18997480015,39.85986009756519
98501.61675996607,49.648567680707785
113103.96545514988,42.21623081958086
107320.88619376218,56.978011414260656
101403.18202245068,62.31034338936593
101860.52736303431,52.724114369675505
99734.39673491227,58.56498217693039
105482.34616905442,45.62025898752651
93403.76402700617,48.5791355382304
95999.80717801178,49.555327977692514
106187.1906734207,46.79888841439247
99785.88309344213,50.40615914365877
104242.15441102642,34.27177466210776
96966.49852617351,51.47898584595631
106000.3947821343,46.556682867456566
90617.23646979063,54.33798012176295
96823.18805587185,41.67233338636747
96878.27305143388,48.70832249640905
96976.27667730894,34.56103760030652
104485.33098443566,58.92412528895105
103257.60995669753,42.036200307026284
98992.54233026241,49.95435079339379
102993.97194780955,54.67838342102657
96329.13100610752,50.573968894894925
102286.40202307621,60.19075625502737
103522.53269912362,55.52339681162863
100419.1331396468,59.87321401642453
102048.81397979749,43.97238462878501
107016.84985062595,54.885322907773194
97784.77989435759,46.643549228205295
101482.8777257038,53.242293566873094
100986.46132815603,52.17916071410019
108499.7868728819,57.5008020656442
100953.17795632512,56.58917406537238
94837.3804823623,52.78548934962766
109046.53174866555,48.47367873225338
95761.83035690458,45.43537777984857
94551.83481328806,44.50666664310607
98147.45950704986,40.16103086574951
100078.09166974801,56.31594021650653
95461.21909926539,60.63498746549238
102553.96044263797,57.2140640993684
96710.82723073932,55.98167658946631
94540.33049802344,56.23173250585556
100859.19669896766,53.87275853989348
94122.02697187575,43.73451110406377
102986.14109126692,43.361563970430595
102316.03146049562,40.43003535477828
104240.87106333334,41.37233679662044
102761.49968839761,54.379416535522004
96516.14090785212,54.07418596959309
101302.21131666777,46.22810700665083
94957.22657961896,36.26162015829195
101748.25023649847,39.04638060046561
100476.72099720655,48.15586248742426
103395.71387719098,47.88568150357095
98352.76106826455,55.12309493001807
101675.29014542059,52.21309170027945
102346.33794904263,39.25099513755026
103783.94339993491,54.287281558095216
94916.5843571175,48.29143668428059
99803.46356186185,49.058522509187874
101669.29983284268,60.01956747281828
105408.83363836414,40.81446564598016
103110.34995153024,59.30253323674787
101934.04260344601,57.63686297630177
110061.35222850382,57.16596682274887
101246.54297820864,57.31561931859328
100724.43916548445,50.16732130299469
98242.92882143134,60.943893511824754
95907.85667029,60.726574072746814
102499.32061870185,40.20485677638641
101838.2464649571,35.29981444643863
103127.54008415517,56.19662038092294
97038.22022173973,50.86483387168908
109770.78716875143,46.45977307016644
94705.462064717,60.371643817238194
109812.93595265398,50.02586970293493
105057.31517704178,59.390331408716165
96287.57883730809,46.60285915242492
106154.37256577368,61.79509995095957
102814.40430087177,43.84129952548562
109935.3055584972,46.28320371531625
98324.31109414274,52.39636484142735
107770.80210357386,55.977831835865565
102074.32750180956,53.243019710826744
100217.57334321733,53.906976601629545
87352.19961152849,47.92374778651141
101206.6096745839,41.94290141466345
101931.6165890578,48.56870145309715
108777.37849157744,61.011138076504
97670.97215440919,48.94413601903313
99630.26217195803,46.83838366688264
100975.12492014063,44.69202551778687
94346.92332531237,54.35897856730188
103147.64792110905,44.36978968238005
104476.777153813,45.57895589584268
101265.82619018991,55.74240808828719
99831.93717648143,53.18318638498794
97417.85178056214,48.62473391600332
98970.7028455983,44.77395157421833
99116.1291844211,39.15967190795377
97544.23126428948,48.0058715464123
98719.1012375231,48.30951787890455
99691.17900069935,53.356090626602445
104372.58537066261,45.45164341206213
93983.99572305428,42.70568911429828
97563.98539402537,47.53655077528444
96150.01966901272,40.927183350250736
97719.39586262906,51.2699863407978
102975.14732917782,46.09803862824175
97935.01088928283,43.51311183806882
99842.80414812612,44.0609995606643
102865.639066206,37.49893455646122
98201.8516377377,52.10775137434219
100919.17258161253,68.85123564786348
101749.00012283954,42.97161782210593
99522.67876455463,37.566275665734835
99597.0012535162,44.16860760099469
104576.95137780081,46.153218077831255
99416.17042102377,45.55109511016918
108694.25675926666,47.751300637174616
109162.78521739601,55.699062334827865
102410.33363667694,52.58113203122264
101968.98649108126,36.50629194458073
98605.58302924622,55.91610579829025
99755.51408262947,40.163671072374974
99737.97774711266,61.92873861378844
106234.45857767359,49.565971934437776
104757.24638529043,47.434450857423634
91480.6420658664,43.52873808309312
107814.44384254099,48.08204842719487
98783.08010312491,47.901132626075835
109520.68294786503,61.381712407534444
111093.90116724066,48.886683527199644
101478.12244373547,39.38350215405446
107384.67213059137,41.825543141124456
101083.87781881314,42.31888230657009
97055.66586630652,44.139162982652095
96960.62369662091,46.22614107795715
97258.65602537461,55.83333738246215
94475.6860346874,51.54378998909707
106089.79576152778,46.40762544840623
96410.40554626199,48.38632762373825
105898.62604180355,51.3587534166735
97343.928526962,53.38713655831628
94488.53925081788,54.76951657310064
102043.03653850884,47.84534070202781
95807.07100776385,43.7932335440158
102674.08668172955,58.60286351742343
96813.46126485603,53.20870692486039
89564.86490698965,45.907675885399605
99844.70533564549,43.63221608112716
95317.46812605202,45.325543104717795
101460.96364163187,48.68869687115538
88808.84383337514,35.155098931554534
96965.67411071413,53.20380610237486
86262.47578637383,46.501888766938585
97368.7607174129,59.71836444745914
98074.89094143567,52.6809228931865
100706.28570043732,35.0860346413496
103841.03608315869,51.50777553819402
102541.34319837295,77.48366394505429
89579.43530250706,62.072876548327756
98562.76240299823,52.01130233082107
99772.43877349379,47.0303456662137
97150.8353588062,52.30656114901107
92414.1315166416,55.25405417265236
97919.02797557373,42.089514626717495
97749.93571002093,58.80004451803801
97323.32456491889,52.50917532746734
96345.21862142264,55.305452949465334
103427.53869395102,62.94026183307488
99122.18027250392,54.680583633305346
100490.33769769472,59.0711024730411
96405.83806195635,55.21503719014097
99026.51351941659,49.55068276024051
100458.76242224187,51.76568277498674
99418.8547843902,51.50299228219369
107890.59028781092,56.89814779930653
104345.77296248448,46.811223317832905
95553.79585885839,56.687103907664266
104380.23396264897,60.308694730256875
96980.09687015385,48.39315941247757
91802.57918737283,47.25270225757389
104982.85255289724,46.73453234540261
103202.39897600411,48.66647825801532
101620.2851411078,41.96616027129033
100426.0472481695,29.062048203694935
99065.51920919008,38.58668729399402
106029.97258273407,55.441851469351576
102333.3549098304,60.64704359011566
95255.41739587582,62.23154238540891
104660.95782130193,48.34411298946738
105678.10073591472,42.25594541311856
95877.42919236163,45.7398719373221
97355.11145967993,42.60409650067823
106115.41533547663,48.18801919741118
101762.5248417844,46.00754043510423
90896.98349725742,51.890401508739956
90438.72512290112,49.51956167740172
93158.42480583595,63.91093199461565
104556.8136108736,50.74027653890036
106318.53338827334,44.07578815773985
102717.39689335047,51.39867303603099
101320.10040666835,58.90647450074738
103662.46051389902,52.02106563977516
91725.56281885853,43.279675933043755
99386.45533202137,50.65360661993656
94348.98137663039,66.88173672904895
107581.97027626786,54.21482824274739
100360.18430641873,48.51453721069194
95240.40769988882,50.542363629632035
101288.76270071375,41.307675971628626
101670.88208622449,48.913186658226756
100967.72409582534,93.60321255366135
42265.43808979347,92.42650878782804
60279.55632811358,39.53909760166914
20286.700331782093,14.485046918066223
87661.18187439874,48.92396452689237
38784.7707337911,62.18747603764477
41550.102416261674,59.09869911927592
52716.91843318249,80.00193926200461
101173.09688051183,50.57478384040411
51836.006480176635,40.81758270752304
99600.02519516287,37.89525603779702
36951.23423921883,17.19850905940108
64002.77769286288,50.98122840818656
103295.41459230526,28.80528919791544
55004.083735181994,78.71448780596373
101480.47912864221,42.691941458195295
63208.022445101495,35.77930072218905
112918.26223402776,20.084720088034324
113043.68941515435,68.12864840600417
70815.07603210676,12.77602016668215
64937.60014131087,44.658588925232245
31927.97525738787,65.79481629755584
116970.84527367001,57.78604894048463
90049.09402661432,15.818288468111426
58855.03456078445,19.89047123898215
79343.5627313336,89.77098344820314
84486.66190952204,16.52825910672583
52239.951523433694,56.80638725247238
57336.81439399148,80.85974089038965
100540.45549454886,62.00563670877382
54213.084238934054,31.70359176987575
26116.803412378576,40.1663030963571
58383.11430681055,67.44494863384625
84106.78155124522,15.95919186950684
56502.22812027157,25.451203713475763
31465.334058264598,80.3206827276659
19401.09775520704,45.630544451680315
32661.38385548441,84.74306833267029
73489.25389387869,29.66735409203208
67754.86515246952,72.17634057476485
115602.39093654054,28.73791036086061
108049.08607358123,89.41584970423668
111224.15717586696,64.01022033326234
81131.16871564431,44.27290382062493
94001.77764189773,55.159991559829216
86130.99747897092,46.418921827147614
91807.1287245296,80.08007899638667
30375.80694329569,80.79902582380939
71731.13583798226,81.79660227266906
60286.679165806534,42.21844125755798
111081.37691430835,31.34938774161411
103642.29415504502,51.14174866329935
68980.02146788227,36.21980392660614
75169.43106499664,37.64295168347796
19123.288495373494,33.11988145427026
15669.799557692022,93.16015689983281
116403.45703107349,43.58820028514593
91478.93970566282,39.39351836488612
85464.78149402748,78.46155365890823
114409.40569268528,44.01804344722212
97246.28821038501,32.6039183037301
118984.89189833308,12.190415894969847
78370.5246826177,66.05800844036281
87244.78349278354,20.232944197072566
113545.6272646787,25.400578719257037
80389.10734018331,28.92746672546222
47257.723787233444,56.44897604689057
58805.30894928053,23.619176083003033
32948.32225418907,45.54230699383797
94514.71271892758,86.32699498206203
23833.404537235197,43.41383214254909
25525.784190902046,11.41036085377082
84480.46167761544,61.20820256715996
32117.006950563053,29.87409081291045
17489.31413267443,80.97051248402431
117342.51258509791,21.514060627548716
39304.8974453563,83.81480953548939
112278.6987853994,45.66832753857888
20315.359588252784,13.34830586388965
75264.73593724609,43.396084255920215
18008.504895653725,59.57645334656733
16186.76634184736,76.9266164426882
47175.44638385401,13.421930255784728
76776.9832032311,43.80317522680965
117249.0434025007,56.256886312814686
43900.11400888587,70.30230349388785
43506.66026698469,86.86067976964303
54345.806903274526,56.738827835977446
20310.17590154403,46.22030522593962
102398.17166440446,78.48014845588406
38553.448679620255,29.216721035897827
100817.05778238986,89.08386571439267
25012.896733665373,48.25498435122915
50432.69929124404,84.00851871388234
23770.11604140197,27.945705117433178
94009.17544658191,14.359977163403325
66716.21497500037,47.5790979477762
50112.12379381861,43.538646802108524
70643.76162767445,23.716225463012563
75059.56721977724,78.46174799049884
94816.8976279667,23.08149189897076
30671.19432285476,32.79482125831763
52912.846265808905,44.71872441972102
86368.20776750126,14.817836734096009
18640.63394373697,43.312397850232266
88202.18767448796,26.442004151301017
82357.97053190642,32.08539172492546
108039.04142541921,86.1336452626624
46215.15644953928,29.549469086875444
58186.91706695428,30.44518474031264
85600.30354562888,80.21549818660426
85674.67374567779,80.0697880161947
56684.177031784784,23.286942510253173
92484.84947674717,40.640332937032085
85483.43664905892,33.00473506845008
23529.11165470063,94.36945261645988
31401.158332712923,94.01578448689588
117614.39291947696,77.47453883218337
84239.41101860974,59.1135992713422
105940.66226467265,34.60235933765647
64106.52731091209,62.648147396152666
58174.999966296564,46.336348597672774
49679.890087718864,57.95970441818557
104310.32544158718,27.129912130536592
113115.46906911135,68.57245056859952
101443.68733140317,57.27620887355099
96849.25364952667,11.377033773854713
100929.9446018512,13.411803022256155
108440.90451810056,94.31683351528469
45877.08352856167,27.87707728429246
95363.15320509428,31.507238978221523
105884.05023308136,18.74162033338552
28225.295619832617,93.22788218355232
85753.08431835049,81.98541407646098
49054.584621909395,67.50111870925137
77395.39186740271,61.2677602104505
86665.90825146076,58.90552971597338
60051.54877677993,33.453429022346484
95701.03974588621,29.233156550270827
87697.20214621349,29.833289925192766
80659.66784521766,73.50165270596746
37964.95833518662,15.095180573211204
28752.24301438828,61.50974221803717
104191.87265370223,13.82472980501107
92085.88219937285,39.012084905754435
65245.47884154986,88.95306173687308
49857.007997263776,49.55363938485632
16436.653549871517,16.935891200411263
42152.11706915232,12.367440469791324
81294.40923506636,46.24386032813791
